<?xml version="1.0" encoding="windows-1252"?>
<xmi:XMI xmi:version="2.1" xmlns:uml="http://schema.omg.org/spec/UML/2.1" xmlns:xmi="http://schema.omg.org/spec/XMI/2.1">
	<xmi:Documentation exporter="Enterprise Architect" exporterVersion="6.5"/>
	<uml:Model xmi:type="uml:Model" name="EA_Model" visibility="public">
		<packagedElement xmi:type="uml:Package" xmi:id="EAPK_E7572B75_971C_4449_BC08_6CF5C094D8B5" name="Domain model" visibility="public"/>
	</uml:Model>
	<xmi:Extension extender="Enterprise Architect" extenderID="6.5">
		<elements>
			<element xmi:idref="EAPK_E7572B75_971C_4449_BC08_6CF5C094D8B5" xmi:type="uml:Package" name="Domain model" scope="public">
				<model package2="EAID_E7572B75_971C_4449_BC08_6CF5C094D8B5" package="EAPK_FDCD8969_31D5_442d_9876_196BDFC5C3B8" tpos="1" ea_localid="49" ea_eleType="package"/>
				<properties documentation="A diagram summarizing the key business domain concepts.&#xA;" isSpecification="false" sType="Package" nType="0" scope="public"/>
				<project author="Bob Hruska" version="1.0" phase="1.0" created="2017-04-14 11:56:16" modified="2017-04-14 11:59:24" complexity="1" status="Proposed"/>
				<code gentype="Java"/>
				<style appearance="BackColor=-1;BorderColor=-1;BorderWidth=-1;FontColor=-1;VSwimLanes=1;HSwimLanes=1;BorderStyle=0;"/>
				<tags/>
				<xrefs/>
				<extendedProperties tagged="0" package_name="The C4 model"/>
				<packageproperties version="1.0" tpos="1"/>
				<paths/>
				<times created="2017-04-14 11:56:16" modified="2017-04-14 11:59:24" lastloaddate="2017-05-06 15:14:24" lastsavedate="2017-05-06 15:14:24"/>
				<flags iscontrolled="FALSE" isprotected="FALSE" batchsave="0" batchload="0" usedtd="FALSE" logxml="FALSE" packageFlags="isModel=1;VICON=3;"/>
			</element>
		</elements>
		<connectors/>
		<primitivetypes>
			<packagedElement xmi:type="uml:Package" xmi:id="EAPrimitiveTypesPackage" name="EA_PrimitiveTypes_Package" visibility="public"/>
		</primitivetypes>
		<profiles/>
		<diagrams>
			<diagram xmi:id="EAID_C5DC78B8_1D7C_4aa3_8710_8802934B35C3">
				<model package="EAPK_E7572B75_971C_4449_BC08_6CF5C094D8B5" localID="79" owner="EAPK_E7572B75_971C_4449_BC08_6CF5C094D8B5"/>
				<properties name="Domain model" type="Logical"/>
				<project author="Bob Hruska" version="1.0" created="2017-08-16 14:23:45" modified="2017-08-16 14:27:46"/>
				<style1 value="ShowPrivate=1;ShowProtected=1;ShowPublic=1;HideRelationships=0;Locked=0;Border=1;HighlightForeign=1;PackageContents=1;SequenceNotes=0;ScalePrintImage=0;PPgs.cx=0;PPgs.cy=0;DocSize.cx=827;DocSize.cy=1169;ShowDetails=0;Orientation=P;Zoom=100;ShowTags=1;OpParams=1;VisibleAttributeDetail=0;ShowOpRetType=1;ShowIcons=1;CollabNums=0;HideProps=0;ShowReqs=1;ShowCons=0;PaperSize=9;HideParents=0;UseAlias=0;HideAtts=0;HideOps=0;HideStereo=0;HideElemStereo=1;ShowTests=0;ShowMaint=0;ConnectorNotation=UML 2.1;ExplicitNavigability=0;ShowShape=1;AdvancedElementProps=1;AdvancedFeatureProps=1;AdvancedConnectorProps=1;m_bElementClassifier=1;ShowNotes=1;SuppressBrackets=0;SuppConnectorLabels=0;PrintPageHeadFoot=0;ShowAsList=0;"/>
				<style2 value="ExcludeRTF=0;DocAll=0;HideQuals=0;AttPkg=1;ShowTests=0;ShowMaint=0;SuppressFOC=1;MatrixActive=0;SwimlanesActive=1;KanbanActive=0;MatrixLineWidth=1;MatrixLineClr=0;MatrixLocked=0;TConnectorNotation=UML 2.1;TExplicitNavigability=0;AdvancedElementProps=1;AdvancedFeatureProps=1;AdvancedConnectorProps=1;m_bElementClassifier=1;ProfileData=;MDGDgm=C4 Extended Diagrams::Domain Model Diagram;STBLDgm=;ShowNotes=1;VisibleAttributeDetail=0;ShowOpRetType=1;SuppressBrackets=0;SuppConnectorLabels=0;PrintPageHeadFoot=0;ShowAsList=0;SuppressedCompartments=;Theme=:119;SaveTag=24884E31;"/>
				<swimlanes value="locked=false;orientation=0;width=0;inbar=false;names=false;color=-1;bold=false;fcol=0;tcol=-1;ofCol=-1;ufCol=-1;hl=0;ufh=0;cls=0;SwimlaneFont=lfh:-16,lfw:0,lfi:0,lfu:0,lfs:0,lfface:Calibri,lfe:0,lfo:0,lfchar:1,lfop:0,lfcp:0,lfq:0,lfpf=0,lfWidth=0;"/>
				<matrixitems value="locked=false;matrixactive=false;swimlanesactive=true;kanbanactive=false;width=1;clrLine=0;"/>
				<extendedProperties/>
			</diagram>
		</diagrams>
	</xmi:Extension>
</xmi:XMI>
