<?xml version="1.0" encoding="windows-1252"?>
<xmi:XMI xmi:version="2.1" xmlns:uml="http://schema.omg.org/spec/UML/2.1" xmlns:xmi="http://schema.omg.org/spec/XMI/2.1">
	<xmi:Documentation exporter="Enterprise Architect" exporterVersion="6.5"/>
	<uml:Model xmi:type="uml:Model" name="EA_Model" visibility="public">
		<packagedElement xmi:type="uml:Package" xmi:id="EAPK_88184916_7843_45a9_B148_3681C5C6B33A" name="Use Case Model" visibility="public">
			<packagedElement xmi:type="uml:Class" xmi:id="EAID_E0FF13BC_D6A7_4897_A0DE_82D48EC846FF" name="System boundary" visibility="public"/>
		</packagedElement>
	</uml:Model>
	<xmi:Extension extender="Enterprise Architect" extenderID="6.5">
		<elements>
			<element xmi:idref="EAPK_88184916_7843_45a9_B148_3681C5C6B33A" xmi:type="uml:Package" name="Use Case Model" scope="public">
				<model package2="EAID_88184916_7843_45a9_B148_3681C5C6B33A" package="EAPK_FDCD8969_31D5_442d_9876_196BDFC5C3B8" tpos="4" ea_localid="65" ea_eleType="package"/>
				<properties isSpecification="false" sType="Package" nType="0" scope="public"/>
				<project author="Bob Hruska" version="1.0" phase="1.0" created="2017-04-14 14:52:51" modified="2017-04-28 17:42:15" complexity="1" status="Proposed"/>
				<code gentype="Java"/>
				<style appearance="BackColor=-1;BorderColor=-1;BorderWidth=-1;FontColor=-1;VSwimLanes=1;HSwimLanes=1;BorderStyle=0;"/>
				<tags/>
				<xrefs/>
				<extendedProperties tagged="0" package_name="The C4 model"/>
				<packageproperties version="1.0" tpos="4"/>
				<paths/>
				<times created="2017-04-14 14:52:51" modified="2017-04-28 17:42:15" lastloaddate="2017-05-06 15:14:24" lastsavedate="2017-05-06 15:14:24"/>
				<flags iscontrolled="FALSE" isprotected="FALSE" batchsave="0" batchload="0" usedtd="FALSE" logxml="FALSE" packageFlags="isModel=1;VICON=1;"/>
			</element>
			<element xmi:idref="EAID_E0FF13BC_D6A7_4897_A0DE_82D48EC846FF" xmi:type="uml:Boundary" name="System boundary" scope="public">
				<model package="EAPK_88184916_7843_45a9_B148_3681C5C6B33A" tpos="0" ea_localid="408" ea_eleType="element"/>
				<properties isSpecification="false" sType="Boundary" nType="0" scope="public"/>
				<project author="Bob Hruska" version="1.0" phase="1.0" created="2017-05-15 17:31:21" modified="2017-08-16 14:24:50" complexity="1" status="Proposed"/>
				<code gentype="&lt;none&gt;"/>
				<style appearance="BackColor=-1;BorderColor=-1;BorderWidth=-1;FontColor=-1;VSwimLanes=1;HSwimLanes=1;BorderStyle=6;"/>
				<tags/>
				<xrefs/>
				<extendedProperties tagged="0" package_name="Use Case Model"/>
			</element>
		</elements>
		<connectors/>
		<primitivetypes>
			<packagedElement xmi:type="uml:Package" xmi:id="EAPrimitiveTypesPackage" name="EA_PrimitiveTypes_Package" visibility="public"/>
		</primitivetypes>
		<profiles/>
		<diagrams>
			<diagram xmi:id="EAID_50BF7501_87DD_4ce1_B8DF_BF10024399F3">
				<model package="EAPK_88184916_7843_45a9_B148_3681C5C6B33A" localID="70" owner="EAPK_88184916_7843_45a9_B148_3681C5C6B33A" tpos="0"/>
				<properties name="Use Case Context" type="Use Case"/>
				<project author="Bob Hruska" version="1.0" created="2017-05-15 00:00:00" modified="2017-08-16 14:27:47"/>
				<style1 value="ShowPrivate=1;ShowProtected=1;ShowPublic=1;HideRelationships=0;Locked=0;Border=1;HighlightForeign=0;PackageContents=1;SequenceNotes=0;ScalePrintImage=0;PPgs.cx=0;PPgs.cy=0;DocSize.cx=827;DocSize.cy=1169;ShowDetails=0;Orientation=P;Zoom=100;ShowTags=0;OpParams=1;VisibleAttributeDetail=0;ShowOpRetType=1;ShowIcons=1;CollabNums=0;HideProps=0;ShowReqs=0;ShowCons=0;PaperSize=9;HideParents=1;UseAlias=0;HideAtts=0;HideOps=0;HideStereo=0;HideElemStereo=1;ShowTests=0;ShowMaint=0;ConnectorNotation=UML 2.1;ExplicitNavigability=0;ShowShape=1;AdvancedElementProps=1;AdvancedFeatureProps=1;AdvancedConnectorProps=1;m_bElementClassifier=1;ShowNotes=1;SuppressBrackets=0;SuppConnectorLabels=0;PrintPageHeadFoot=0;ShowAsList=0;"/>
				<style2 value="ExcludeRTF=0;DocAll=1;HideQuals=0;AttPkg=1;ShowTests=0;ShowMaint=0;SuppressFOC=1;MatrixActive=0;SwimlanesActive=1;KanbanActive=0;MatrixLineWidth=1;MatrixLineClr=0;MatrixLocked=0;TConnectorNotation=UML 2.1;TExplicitNavigability=0;AdvancedElementProps=1;AdvancedFeatureProps=1;AdvancedConnectorProps=1;m_bElementClassifier=1;ProfileData=;MDGDgm=C4 Behavioral Diagrams::Use Case;STBLDgm=;ShowNotes=1;VisibleAttributeDetail=0;ShowOpRetType=1;SuppressBrackets=0;SuppConnectorLabels=0;PrintPageHeadFoot=0;ShowAsList=0;SuppressedCompartments=;Theme=:119;SaveTag=928F0AFD;"/>
				<swimlanes value="locked=false;orientation=0;width=0;inbar=false;names=false;color=-1;bold=false;fcol=0;tcol=-1;ofCol=-1;ufCol=-1;hl=0;ufh=0;cls=0;SwimlaneFont=lfh:-16,lfw:0,lfi:0,lfu:0,lfs:0,lfface:Calibri,lfe:0,lfo:0,lfchar:1,lfop:0,lfcp:0,lfq:0,lfpf=0,lfWidth=0;"/>
				<matrixitems value="locked=false;matrixactive=false;swimlanesactive=true;kanbanactive=false;width=1;clrLine=0;"/>
				<extendedProperties/>
				<elements>
					<element geometry="Left=353;Top=127;Right=869;Bottom=805;" subject="EAID_E0FF13BC_D6A7_4897_A0DE_82D48EC846FF" seqno="1" style="DUID=05911A8E;shape=rounded;"/>
				</elements>
			</diagram>
		</diagrams>
	</xmi:Extension>
</xmi:XMI>
